<?xml version="1.0" encoding="UTF-8"?>
    <addon id="REPOSAN" name="REPOSAN REPO" version="0.1.0" provider-name="San">
        <requires>
            <import addon="xbmc.addon" version="12.0.0"/>
        </requires>
        <extension point="xbmc.addon.repository" name="REPOSAN REPO">
            <info compressed="false">https://raw.githubusercontent.com/uannight/reposan/master/_repo/addons.xml</info>
            <checksum>https://raw.githubusercontent.com/uannight/reposan/master/_repo/addons.xml.md5</checksum>
            <datadir zip="true">https://raw.githubusercontent.com/uannight/reposan/master/_repo/</datadir>
            <hashes>false</hashes>
        </extension>
        <extension point="xbmc.addon.metadata">
            <summary>Repo personal</summary>
            <description>RepoSan</description>
            <platform>all</platform>
    </extension>
</addon>